BEIGE,PURPLE,RED,BLUE,ORANGE,GREEN,YELLOW,TEAL,ULTRAVIOLET ,CLEAR LIGHT
5-4-3-2-1 Technique,Daily Tarot Draw,Belly Breathing,Lovingkindness,Wim Hof,"""Coal to Gold"" Shadow Work",Blissy Meditation,Dog Walkin' Shamanism,Cultivate Samatha Jhanas,Cultivate Vipassana
Stand Barefoot Outdoors,Traffic lights,Raise Energy by rubbing hands together and sensing energy between them,"Tonglen: breathing in pain, breathing out compassion",Skull Shining (Kapalabhati) to boost focus and alertness,Chair work (self vs. shadow) alternating every 5 min,See Blissy Meditation instructions,"Clairaudient Practice: Sitting and listening to the “still small voice” inside

",,
"""Touch Some Grass"" Crystal Charging",I Ching coin toss with meditative journaling,"“Windhorse” breathwork (stoking inner fire)

","Selig's ""I am Love through so and so""",“Middle Pillar” Golden Dawn exercise (energy body building),Wording Through it,,Channeling writing: ask “What would you have me know?”,,
Square - Circle - Triangle x5,Bibliomancy: random passage reading and reflection,Charging Water using Damien Echol's techniques,"Heart-centered breath (inhale into heart, exhale out)",Chaos Magick's style meditation of Dhyanna on Sigils for manifestation,"Wilber's ""3-2-1"" Practice",,Jung’s “Active Imagination” dialogue with a part of self,,
Colors of the Rainbow,Tracking Synchronicity,Mini-TED Talk: describe something you understand well for 10 mintues,Animist Gratitude: Speaking thanks aloud for local beings,Neville Goddard style hypnagogic visualization for reality selection,Tibetan Buddhist emotion transmutation,,Subtle energy scanning of your own aura,,
Clench/Relax body scan ,Candle gazing (Trataka) while inviting intuitive imagery,Power posture meditation with steady breath,Guided visualization of hugging someone you miss,"Listen to energizing music, focusing on one instrument",Meditating on the Pain Body a la Eckhart Tolle,,Tuning into a collective prayer field or sangha field,,
Noticing contact points between body and ground,Dream recollection and symbol mapping,Seated mountain pose visualization (“I cannot be moved”),Gratitude meditation focused on relationships,Chanting or Kirtan,Stream of consciousness quick-write of a letter to your most repressed self,,Freedom Log: Re-patterning practice,,
Box breathing (4-4-4-4),"Repetitive mantra with archetypal resonance (e.g., “Hekate,” “Lakshmi”)",Fire gazing while anchoring into the solar plexus,Mentally blessing strangers while people-watching,Breath of Fire followed by a period of silence,Drawing your shadow self and holding eye contact with it,,"Hierarchical ""Re-Feeling"" Journal",,
Feeling your feet and wiggling your toes,Meditating on a personal totem or object,"Holding one physical posture (e.g., warrior pose) in stillness","Meditating on heart imagery (green rose, spiral, chalice)",Lion's Breath,REACH directed inward (From Rise Above),,"Tarot Draw: ""What was the lesson of today/this event/that relationship / etc""",,
Simple body scan from toes to head,,Visualizing a red sphere of light pulsing in your gut,"Repeating the phrase: “Just like me, this being seeks happiness”",,,,"Tara Brach's ""Sacred Pause"" from Radical Acceptance",,
Progressive Muscle Relaxation,,"Sending love to different ages of your past self
",Establishing ancestral connection via gratitude or lovingkindness,,,,,,